{
    "14": {
        "evr": [
            0.5981982350349426,
            0.08145041018724442,
            0.053470220416784286,
            0.03777073323726654,
            0.02856845036149025,
            0.016812639310956,
            0.014553738757967949,
            0.013006786815822124,
            0.011143602430820465,
            0.008830471895635128
        ],
        "cumulative_evr": [
            0.5981982350349426,
            0.6796486377716064,
            0.7331188321113586,
            0.7708895802497864,
            0.7994580268859863,
            0.816270649433136,
            0.8308243751525879,
            0.8438311815261841,
            0.8549748063087463,
            0.8638052940368652
        ],
        "pc1_alignments": {
            "coordinate-other-ais": 0.535580039024353,
            "corrigible-neutral-HHH": -0.040254052728414536,
            "hallucination": -0.23194071650505066,
            "myopic-reward": -0.16786155104637146,
            "refusal": 0.03275175765156746,
            "survival-instinct": 0.5522750616073608,
            "sycophancy": 0.7149537205696106
        }
    },
    "18": {
        "evr": [
            0.5954499244689941,
            0.05828449875116348,
            0.04597579315304756,
            0.03704457730054855,
            0.023339906707406044,
            0.021467825397849083,
            0.015471343882381916,
            0.014079475775361061,
            0.010669251903891563,
            0.00995844416320324
        ],
        "cumulative_evr": [
            0.5954499244689941,
            0.6537344455718994,
            0.6997102499008179,
            0.736754834651947,
            0.7600947618484497,
            0.7815625667572021,
            0.7970339059829712,
            0.8111133575439453,
            0.8217825889587402,
            0.8317410349845886
        ],
        "pc1_alignments": {
            "coordinate-other-ais": -0.3836931586265564,
            "corrigible-neutral-HHH": 0.025442270562052727,
            "hallucination": 0.1218709647655487,
            "myopic-reward": -0.32631203532218933,
            "refusal": 0.11151951551437378,
            "survival-instinct": -0.5256946682929993,
            "sycophancy": -0.8019362688064575
        }
    },
    "22": {
        "evr": [
            0.32259488105773926,
            0.11663563549518585,
            0.07784512639045715,
            0.050391752272844315,
            0.04323812946677208,
            0.030628886073827744,
            0.025059301406145096,
            0.01658184640109539,
            0.014855618588626385,
            0.013973850756883621
        ],
        "cumulative_evr": [
            0.32259488105773926,
            0.4392305016517639,
            0.5170756578445435,
            0.5674673914909363,
            0.6107054948806763,
            0.6413343548774719,
            0.6663936376571655,
            0.6829754710197449,
            0.6978310942649841,
            0.7118049263954163
        ],
        "pc1_alignments": {
            "coordinate-other-ais": 0.15233823657035828,
            "corrigible-neutral-HHH": -0.00842613447457552,
            "hallucination": -0.2764313817024231,
            "myopic-reward": 0.39685189723968506,
            "refusal": -0.06913237273693085,
            "survival-instinct": 0.33390071988105774,
            "sycophancy": 0.6952898502349854
        }
    },
    "26": {
        "evr": [
            0.2085377424955368,
            0.14756383001804352,
            0.0909191146492958,
            0.06927964091300964,
            0.03953314945101738,
            0.03209661319851875,
            0.02641170285642147,
            0.0181813333183527,
            0.015255297534167767,
            0.014619803056120872
        ],
        "cumulative_evr": [
            0.2085377424955368,
            0.3561015725135803,
            0.44702067971229553,
            0.5163003206253052,
            0.5558334589004517,
            0.5879300832748413,
            0.6143417954444885,
            0.6325231194496155,
            0.6477783918380737,
            0.6623982191085815
        ],
        "pc1_alignments": {
            "coordinate-other-ais": -0.2973252236843109,
            "corrigible-neutral-HHH": -0.17423072457313538,
            "hallucination": 0.43496137857437134,
            "myopic-reward": -0.22489771246910095,
            "refusal": 0.15200474858283997,
            "survival-instinct": -0.2690334916114807,
            "sycophancy": -0.7308751344680786
        }
    }
}