{
    "-2.0": [
        0.94356497814176,
        0.0,
        0.5784366023252885,
        0.0,
        0.5979934668878866,
        0.7468674110304453,
        0.4979116073536302,
        0.0,
        0.0,
        0.0
    ],
    "-1.0": [
        0.94356497814176,
        0.0,
        0.5784366023252885,
        0.0,
        0.5979934668878866,
        0.7468674110304453,
        0.4979116073536302,
        0.0,
        0.0,
        0.0
    ],
    "0": [
        0.9402485439461488,
        0.0,
        0.5495390132637024,
        0.0,
        0.5979934668878866,
        0.7468674110304453,
        0.4979116073536302,
        0.0,
        0.0,
        0.4958405876794673
    ],
    "1.0": [
        0.9402485439461488,
        0.0,
        0.523391378561397,
        0.0,
        0.5979934668878866,
        0.7468674110304453,
        0.39866231125859103,
        0.0,
        0.0,
        0.4958405876794673
    ],
    "2.0": [
        0.9402485439461488,
        0.0,
        0.523391378561397,
        0.0,
        0.5979934668878866,
        0.7468674110304453,
        0.39866231125859103,
        0.0,
        0.0,
        0.4958405876794673
    ]
}